StartDate,EndDate,Status,IPAddress,Progress,Duration (in seconds),Finished,RecordedDate,ResponseId,RecipientLastName,RecipientFirstName,RecipientEmail,ExternalReference,LocationLatitude,LocationLongitude,DistributionChannel,UserLanguage,consent,No_or_YesBlock_1,Satisf_NA_1,stress_manageY_1,time_manageY_1,satis_with_communiY_1,aware_with_nanY,nan_grades_1,nan_overall_expY_1,suggest_new_nanY,input_for _new_nan,reson_on_lack,reson_on_lack_5_TEXT,is_nan_positive,satis_on_experience_1,satis_on_performance_1,aware_of_nan,if_change_yes_no,suggest_new_nan,age,gender,years_spent,local_or_inter,scl_dpt,major
Start Date,End Date,Response Type,IP Address,Progress,Duration (in seconds),Finished,Recorded Date,Response ID,Recipient Last Name,Recipient First Name,Recipient Email,External Data Reference,Location Latitude,Location Longitude,Distribution Channel,User Language,"I voluntarily consent to participate in this survey, understanding it involves answering questions about my academic journey and engagement in support services.","How often do you utilise non-academic support services in UM6P, such as counselling, career services,  health centres, learning centres, sports centres, club activities, or other non-academic support? - Please drag the slider",Please rate your satisfaction with the non-academic support services you have utilized. - Please drag the slider,Please rate how the non-academic support helps you manage your stress level. - Please drag the slider,Please rate your ability to manage your time effectively to balance academic and non-academic commitments. - Please drag the slider,Please rate your satisfaction with communication channels for accessing academic and non-academic support services. - Please drag the slider,Are you aware of all the available academic and non-academic support services the institution provides?,Please rate how these support services contribute to your grades in class. - Please drag the slider,To what extent do non-academic support services contribute to your overall experience? - Please drag the slider,Would you be interested in the introduction of new academic support services? (Yes/No) :,Please provide suggestions for new academic support services or improvements to existing ones.,Why do you engage infrequently in non-academic support services? (Select the most relevant option) - Selected Choice,Why do you engage infrequently in non-academic support services? (Select the most relevant option) - Other (please specify) - Text,Do you believe increased engagement in non-academic support services would positively impact your academic performance? (Yes/No),Please rate your satisfaction with your overall academic experience. - Please drag this slider,How satisfied are you in your academic performance despite limited engagement in non-academic support services? - Please drag this slider,"Are you aware of the non-academic support services the institution provides, even if you don't actively engage in them? (Yes/No)","If there were changes or improvements to non-academic support services, would you be more likely to engage with them? (Yes/No)",Please suggest how non-academic support services could better meet your needs or preferences.,What is your age group?,What is your gender?,How many years have you spent in UM6P?,Are you an international student or a local student?,"What school/department do you belong to? (FGSES, SCI, ABS etc.)","What is your major of study? (International Relations, Political Sciences, CI, MIM etc.)"
"{""ImportId"":""startDate"",""timeZone"":""Europe/Berlin""}","{""ImportId"":""endDate"",""timeZone"":""Europe/Berlin""}","{""ImportId"":""status""}","{""ImportId"":""ipAddress""}","{""ImportId"":""progress""}","{""ImportId"":""duration""}","{""ImportId"":""finished""}","{""ImportId"":""recordedDate"",""timeZone"":""Europe/Berlin""}","{""ImportId"":""_recordId""}","{""ImportId"":""recipientLastName""}","{""ImportId"":""recipientFirstName""}","{""ImportId"":""recipientEmail""}","{""ImportId"":""externalDataReference""}","{""ImportId"":""locationLatitude""}","{""ImportId"":""locationLongitude""}","{""ImportId"":""distributionChannel""}","{""ImportId"":""userLanguage""}","{""ImportId"":""QID31""}","{""ImportId"":""QID9_1""}","{""ImportId"":""QID10_1""}","{""ImportId"":""QID12_1""}","{""ImportId"":""QID13_1""}","{""ImportId"":""QID14_1""}","{""ImportId"":""QID15""}","{""ImportId"":""QID16_1""}","{""ImportId"":""QID17_1""}","{""ImportId"":""QID18""}","{""ImportId"":""QID20_TEXT""}","{""ImportId"":""QID24""}","{""ImportId"":""QID24_5_TEXT""}","{""ImportId"":""QID25""}","{""ImportId"":""QID26_1""}","{""ImportId"":""QID27_1""}","{""ImportId"":""QID28""}","{""ImportId"":""QID29""}","{""ImportId"":""QID30_TEXT""}","{""ImportId"":""QID1""}","{""ImportId"":""QID2""}","{""ImportId"":""QID4""}","{""ImportId"":""QID6""}","{""ImportId"":""QID8_TEXT""}","{""ImportId"":""QID7_TEXT""}"
2023-12-13 21:27:57,2023-12-13 21:28:19,Survey Preview,,100,22,True,2023-12-13 21:28:20,R_2j9BlZXHvvO8TMR,,,,,34.0663,-6.817,preview,EN,,6,,,,,,,,,,,,,,,,,,,,,,,
2023-12-13 21:29:12,2023-12-13 21:29:25,Survey Preview,,100,12,True,2023-12-13 21:29:26,R_2exZkiGNBe930zV,,,,,34.0663,-6.817,preview,EN,,2,,,,,,,,,,,,,,,,,,,,,,,
2023-12-13 21:30:38,2023-12-13 21:30:56,Survey Preview,,100,17,True,2023-12-13 21:30:56,R_2MLEQ5Xj2enSZ2h,,,,,34.0663,-6.817,preview,EN,,2,,,,,,,,,,,,,,,,,,,,,,,
2023-12-13 21:31:06,2023-12-13 21:31:22,Survey Preview,,100,16,True,2023-12-13 21:31:23,R_2EdAaJQ5uBAik8N,,,,,34.0663,-6.817,preview,EN,,6,,,,,,,,,,,,,,,,,,,,,,,
2023-12-16 20:32:46,2023-12-16 20:33:54,Survey Preview,,100,68,True,2023-12-16 20:33:55,R_2DUnOhMC8MDS2AT,,,,,34.0663,-6.817,preview,EN,,2,,,,,,,,,,,,,,,,,,,,,,,
2023-12-17 15:39:32,2023-12-17 15:39:45,Survey Preview,,100,13,True,2023-12-17 15:39:48,R_12bzCpAv42sGVQV,,,,,34.0663,-6.817,preview,EN,,4,,,,,No,,,,,,,,,,,,,,,,,,
2023-12-17 18:03:35,2023-12-17 18:08:38,Survey Preview,,100,302,True,2023-12-17 18:08:39,R_2G2HY74rNn36Slz,,,,,34.0663,-6.817,preview,EN,I agree,3,,,,,,,,,,Time constraints,,Yes,5,5,No,Yes,,21 to 24 years old,Male,Less than a year,Am a local student,sci,collective intelligence
2023-12-18 12:06:46,2023-12-18 12:12:02,Survey Preview,,100,315,True,2023-12-18 12:12:03,R_2GlXEfQg5ogD24H,,,,,34.0663,-6.817,preview,EN,I agree,3,,,,,,,,,,,,,,,,,,,,,,,
2023-12-18 12:31:08,2023-12-18 12:31:44,Survey Preview,,100,35,True,2023-12-18 12:31:45,R_26FKcwUAZ9HwjTj,,,,,34.0663,-6.817,preview,EN,,,,,,,,,,,,,,,,,,,,,,,,,
2023-12-18 19:55:32,2023-12-18 19:57:53,IP Address,197.230.97.174,100,140,True,2023-12-18 19:57:54,R_1R6bieOUwMQbk1b,,,,,34.0663,-6.817,anonymous,EN,I agree,2,,,,,,,,,,Time constraints,,Yes,5,3,Yes,Yes,,21 to 24 years old,Male,Less than a year,Am an international student,ABS,MIM
2023-12-18 19:51:54,2023-12-18 19:58:20,IP Address,197.230.97.174,100,385,True,2023-12-18 19:58:20,R_8P6qRs60u7jiLH7,,,,,34.0663,-6.817,anonymous,EN,I agree,1,,,,,,,,,,Lack of awareness about available services,,Yes,7,6,Yes,Yes,"We are living at the campus so we have a life going on her in parallel of studies, so then non academic support helps lot.",17 to 20 years old,Female,a year,Am a local student,SCI,CI
2023-12-18 19:55:49,2023-12-18 19:58:51,IP Address,105.71.16.119,100,181,True,2023-12-18 19:58:51,R_2OmLBLPflReJxGV,,,,,28.5,-10,anonymous,EN,I agree,6,7,5,3,3,Yes,3,6,Yes,,,,,,,,,,17 to 20 years old,Female,Less than a year,Am a local student,FGSES,"POLITICAL SCIENCES COMMUN CORE "
2023-12-18 19:55:40,2023-12-18 19:59:02,IP Address,197.230.122.194,100,201,True,2023-12-18 19:59:02,R_29Y32gpzptc55fj,,,,,32.2403,-7.9543,anonymous,EN,I agree,2,,,,,,,,,,Personal preference,,No,3,6,Yes,Yes,,21 to 24 years old,Male,Tow years or more,Am a local student,Gv,Vv
2023-12-18 19:52:59,2023-12-18 20:01:26,IP Address,197.230.97.174,100,506,True,2023-12-18 20:01:26,R_4k84EiVsDSg5o0c,,,,,34.0663,-6.817,anonymous,EN,I agree,1,,,,,,,,,,Time constraints,,Yes,4,4,Yes,Yes,implementing personalized assistance based on individual needs could be beneficial,21 to 24 years old,Female,Less than a year,Am an international student,ABS,"MIM "
2023-12-18 19:59:05,2023-12-18 20:01:40,IP Address,197.230.97.174,100,155,True,2023-12-18 20:01:41,R_660VYlF10w3xXEZ,,,,,34.0663,-6.817,anonymous,EN,I agree,4,6,4,2,3,No,3,2,Yes,School band in rabat,,,,,,,,,25 years old and above,Male,Less than a year,Am an international student,ABS,Agribusiness
2023-12-18 20:00:53,2023-12-18 20:04:03,IP Address,197.230.97.174,100,190,True,2023-12-18 20:04:04,R_80HL084fnuVpq2w,,,,,34.0663,-6.817,anonymous,EN,I agree,3,,,,,,,,,,Time constraints,,Yes,6,5,No,No,,21 to 24 years old,Male,Less than a year,Am a local student,"Arts et métiers ",Industry
2023-12-18 20:03:24,2023-12-18 20:06:14,IP Address,105.66.133.220,100,170,True,2023-12-18 20:06:14,R_4tlKyLthMxhTUKc,,,,,33.5792,-7.6133,anonymous,EN,I agree,7,6,7,7,6,No,5,7,Yes,,,,,,,,,,21 to 24 years old,Male,Tow years or more,Am an international student,EMINES,"Industrial management "
2023-12-18 20:04:06,2023-12-18 20:06:45,IP Address,197.230.97.174,100,159,True,2023-12-18 20:06:45,R_2eE3yiJv9pHz0SR,,,,,34.0663,-6.817,anonymous,EN,I agree,2,,,,,,,,,,Personal preference,,No,6,6,Yes,Yes,"More engagements and advertisment ",25 years old and above,Male,Less than a year,Am an international student,SCI,Ci
2023-12-18 20:07:45,2023-12-18 20:09:51,IP Address,197.230.97.174,100,125,True,2023-12-18 20:09:52,R_42FzL2dHIwWynNT,,,,,34.0663,-6.817,anonymous,EN,I agree,6,7,4,3,5,No,2,5,Yes,,,,,,,,,,25 years old and above,Female,Less than a year,Am an international student,Sci,Ci
2023-12-18 20:13:39,2023-12-18 20:22:52,IP Address,197.230.97.174,100,553,True,2023-12-18 20:22:53,R_229Z4HkgskPvyKG,,,,,34.0663,-6.817,anonymous,EN,I agree,6,7,2,2,5,No,5,6,Yes,,,,,,,,,,17 to 20 years old,Female,a year,Am a local student,Fgses,IR
2023-12-18 20:23:35,2023-12-18 20:29:37,IP Address,197.230.97.174,100,362,True,2023-12-18 20:29:38,R_86xHQg03z0yJBF7,,,,,34.0663,-6.817,anonymous,EN,I agree,5,6,4,5,6,No,1,7,Yes,Clubs that focus on helping students to unwind,,,,,,,,,21 to 24 years old,Female,Less than a year,Am an international student,ABs,ABI
2023-12-18 20:31:26,2023-12-18 20:33:17,IP Address,197.230.97.174,100,110,True,2023-12-18 20:33:17,R_89wQJxAqOH3KvWp,,,,,34.0663,-6.817,anonymous,EN,I agree,4,5,5,3,2,No,3,3,No,,,,,,,,,,21 to 24 years old,Male,Less than a year,Am an international student,Sci,Ci
2023-12-18 20:31:27,2023-12-18 20:35:42,IP Address,197.230.97.174,100,254,True,2023-12-18 20:35:43,R_2sRo4Um8vyB33RK,,,,,34.0663,-6.817,anonymous,EN,I agree,2,,,,,,,,,,Time constraints,,Yes,6,6,No,Yes,"Providing adequate medicine in the health center to avoid going to the pharmacy to get them ",25 years old and above,Male,Less than a year,Am an international student,ABS,"Agricbusiness "
2023-12-18 20:25:47,2023-12-18 20:36:56,IP Address,197.230.97.174,100,669,True,2023-12-18 20:36:56,R_7IixYUQKjFpCZmV,,,,,34.0663,-6.817,anonymous,EN,I agree,6,5,6,3,2,Yes,1,6,Yes,"I think the thing that most students need is good communication with their academic advisors, and it's something the university lacks (talking from my personal experience). Academic advisors should be assigned to students not randomly, but based on the student's year and major. They should also have knowledge about the stuff they're doing, so yeah it shouldn't be random people saying random things to students",,,,,,,,,17 to 20 years old,Female,a year,Am a local student,Fgses,"Applied economics "
2023-12-18 20:34:56,2023-12-18 20:38:34,IP Address,197.230.97.174,100,217,True,2023-12-18 20:38:34,R_6VaLgekNK7OEhlD,,,,,34.0663,-6.817,anonymous,EN,I agree,7,7,7,7,7,Yes,7,6,Yes,"Provision guidance for Resident cards registration ",,,,,,,,,25 years old and above,Male,Less than a year,Am an international student,SCI,CI
2023-12-18 22:56:38,2023-12-18 23:03:47,IP Address,196.200.180.28,100,429,True,2023-12-18 23:03:48,R_2iOSwyodjESiLrf,,,,,32.2403,-7.9543,anonymous,EN,I agree,6,6,6,7,7,No,5,5,Yes,"Make the club like dance club and the choral have their own concert and periodic . ",,,,,,,,,21 to 24 years old,Male,Less than a year,Am an international student,ABS,QFM
2023-12-19 00:37:04,2023-12-19 00:46:43,IP Address,197.230.97.174,100,579,True,2023-12-19 00:46:44,R_7DUpqYJcfCbiv2b,,,,,34.0663,-6.817,anonymous,EN,I agree,4,6,4,5,6,No,3,5,Yes,clear communication of student support centres' activities and locations should be known to students occasionally,,,,,,,,,21 to 24 years old,Female,Less than a year,Am an international student,ABS,MIM
2023-12-19 01:23:24,2023-12-19 01:28:30,IP Address,197.230.97.174,100,306,True,2023-12-19 01:28:31,R_4mCSlQ30aWqRuX8,,,,,34.0663,-6.817,anonymous,EN,I agree,6,5,6,4,3,No,4,4,Yes,"A week Tourism for International students once in a semester. ",,,,,,,,,25 years old and above,Male,Less than a year,Am an international student,ABS,MIM
2023-12-19 11:12:25,2023-12-19 11:15:59,IP Address,197.230.97.174,100,214,True,2023-12-19 11:16:00,R_27stkNtqNAof4jf,,,,,34.0663,-6.817,anonymous,EN,I agree,5,4,5,5,5,Yes,5,5,Yes,"Separate gym and swimming pool by gender, many girls can't participate. Also career support in Rabat please.",,,,,,,,,25 years old and above,Prefer not to say,Less than a year,Am a local student,ABS,.
2023-12-19 17:35:30,2023-12-19 17:37:49,IP Address,197.230.97.174,100,138,True,2023-12-19 17:37:50,R_7HTwaT8XlChltd8,,,,,34.0663,-6.817,anonymous,EN,I agree,6,5,6,2,3,Yes,3,6,Yes,"Better academic advisor experience ",,,,,,,,,17 to 20 years old,Female,a year,Am a local student,Fgses,"Applied economics "
2023-12-19 18:22:42,2023-12-19 18:26:30,IP Address,197.230.97.174,100,227,True,2023-12-19 18:26:31,R_7ylRxrnbq7nkx2P,,,,,34.0663,-6.817,anonymous,EN,I agree,1,,,,,,,,,,Time constraints,,Yes,4,3,Yes,Yes,"Non-academics support services should be an extracurriculars activities inside the normal timetable, which helps improve the work balance of students, because the timetable is making it difficult to have non academic activities.",25 years old and above,Male,Less than a year,Am an international student,SCI,CI
2023-12-19 19:54:25,2023-12-19 20:02:44,IP Address,197.230.97.174,100,499,True,2023-12-19 20:02:45,R_2mfpd8np2qtoSHO,,,,,34.0663,-6.817,anonymous,EN,I agree,7,5,5,4,5,No,5,6,Yes,Orientation and school contents session by each school for its students. Provide a complete calendar for a year or t least a semester at a very beginning.,,,,,,,,,25 years old and above,Male,Less than a year,Am an international student,ABS,CI
2023-12-19 21:03:59,2023-12-19 21:08:42,IP Address,197.230.97.174,100,282,True,2023-12-19 21:08:42,R_2iEZjLHn6W3ugdr,,,,,34.0663,-6.817,anonymous,EN,I agree,6,2,2,6,5,No,5,3,Yes,"Mentorship ",,,,,,,,,25 years old and above,Male,a year,Am an international student,Sci,"Political science "
2023-12-20 19:44:47,2023-12-20 19:47:34,IP Address,197.230.97.174,100,166,True,2023-12-20 19:47:34,R_5oZcw7F5N3bEjEt,,,,,34.0663,-6.817,anonymous,EN,I agree,4,6,5,7,5,No,3,6,Yes,Yoga classes,,,,,,,,,17 to 20 years old,Female,Less than a year,Am a local student,Fgses,Common core
2023-12-20 19:44:47,2023-12-20 19:48:23,IP Address,197.230.97.174,100,216,True,2023-12-20 19:48:24,R_1eVSU0YBmCqAaZy,,,,,34.0663,-6.817,anonymous,EN,I agree,6,4,6,6,6,No,7,6,Yes,Concert,,,,,,,,,17 to 20 years old,Male,Less than a year,Am a local student,Fgses,Undergraduate
2023-12-20 19:46:43,2023-12-20 19:48:59,IP Address,197.230.97.174,100,136,True,2023-12-20 19:48:59,R_2eQ88sDni8buUNw,,,,,34.0663,-6.817,anonymous,EN,I agree,6,6,4,4,6,No,3,6,Yes,"!!",,,,,,,,,21 to 24 years old,Female,Less than a year,Am an international student,ABS,MIM
2023-12-20 19:44:55,2023-12-20 19:49:11,IP Address,197.230.97.174,100,255,True,2023-12-20 19:49:11,R_5dxVOdmZTHcgfcx,,,,,34.0663,-6.817,anonymous,EN,I agree,5,5,7,5,3,No,7,5,Yes,"CONCERT , TRIPS !!!!!!!",,,,,,,,,17 to 20 years old,Female,Less than a year,Am a local student,Fgses,Common core
2023-12-20 19:44:45,2023-12-20 19:49:40,IP Address,197.230.97.174,100,295,True,2023-12-20 19:49:41,R_6Pd1m3yG8mfMfh0,,,,,34.0663,-6.817,anonymous,EN,I agree,5,6,5,5,6,Yes,1,6,Yes,"Events organized frequently such as concerts, worldwide trips… ",,,,,,,,,17 to 20 years old,Female,a year,Am a local student,FGSES,"Common core "
2023-12-20 19:49:48,2023-12-20 19:52:32,IP Address,197.230.97.174,100,163,True,2023-12-20 19:52:33,R_2Pvl05XpuGxRDfE,,,,,34.0663,-6.817,anonymous,EN,I agree,5,3,4,3,5,Yes,3,5,Yes,Parties / less exams,,,,,,,,,17 to 20 years old,Male,Tow years or more,Am a local student,Fgses,"International relations "
2023-12-20 19:49:55,2023-12-20 19:53:07,IP Address,197.230.97.174,100,191,True,2023-12-20 19:53:07,R_2TMFgErzh9eNhv2,,,,,34.0663,-6.817,anonymous,EN,I agree,4,4,2,5,5,Yes,2,5,Yes,"More parties ",,,,,,,,,17 to 20 years old,Female,Less than a year,Am a local student,FGSES,"Common year "
2023-12-20 19:49:36,2023-12-20 19:55:48,IP Address,197.230.97.174,100,372,True,2023-12-20 19:55:48,R_2rPioKAz7OZWi1N,,,,,34.0663,-6.817,anonymous,EN,I agree,2,,,,,,,,,,Time constraints,,Yes,5,5,Yes,Yes,,21 to 24 years old,Female,Less than a year,Am an international student,Fgses,Economy
2023-12-20 19:51:05,2023-12-20 19:58:59,IP Address,197.230.97.174,100,473,True,2023-12-20 19:58:59,R_7YmKo6m5MI8nzDY,,,,,34.0663,-6.817,anonymous,EN,I agree,4,5,5,3,4,No,5,6,Yes,"Bootcamps , games days , more communication and advertisements for the existing ones , specially career advisory and internship programming and partnerships, have events that should be organised By master students on thematiques related to the courses , and invite people from the domains of practise to engage with them and do séminaire to network ",,,,,,,,,21 to 24 years old,Female,Less than a year,Am a local student,Fgses,"IR "
2023-12-20 19:51:32,2023-12-20 19:59:38,IP Address,197.230.97.174,100,486,True,2023-12-20 19:59:39,R_7wvKw7ADvT4LosS,,,,,34.0663,-6.817,anonymous,EN,I agree,4,4,1,3,2,No,5,7,Yes,"More interactive activities with students from different schools of Um6p that will  bring in our contributions/more animated library related activities/ more advertisement about the events that each school holds, more fun activities such as karaoke nights, parties for a more animated student life. Introduce psychological support among the services offered by the health servicr e",,,,,,,,,21 to 24 years old,Female,Tow years or more,Am a local student,Fgses,IR
2023-12-20 19:51:02,2023-12-20 20:00:53,IP Address,197.230.97.174,100,590,True,2023-12-20 20:00:53,R_7LU3j1vdqTOZHBw,,,,,34.0663,-6.817,anonymous,EN,I agree,4,2,1,5,1,No,1,3,Yes,"A better student life: more activities aimed at entertainment like talent shows, parties, raise fundings for associations, table rondes on different topics, sharing experiences, psychological support among students maybe also a psychologist on campus especially during exams week. I also feel like the publicity for activities on campus is not very good ",,,,,,,,,17 to 20 years old,Female,Tow years or more,Am a local student,"FGSES ",International relations
2023-12-20 19:59:35,2023-12-20 20:02:27,IP Address,197.230.97.174,100,171,True,2023-12-20 20:02:28,R_6txMwOJpeAD1PUg,,,,,34.0663,-6.817,anonymous,EN,I agree,2,,,,,,,,,,Lack of awareness about available services,,Yes,2,2,No,Yes,,21 to 24 years old,Male,Tow years or more,Am a local student,FGSES,ECO APP
2023-12-20 20:01:25,2023-12-20 20:03:21,IP Address,217.138.218.10,100,115,True,2023-12-20 20:03:21,R_2t5ptPBNRcNOryC,,,,,40.4327,-3.621,anonymous,EN,I agree,5,6,5,3,4,Yes,5,5,Yes,,,,,,,,,,17 to 20 years old,Male,a year,Am a local student,FGSES,Economie appliquée
2023-12-20 19:48:44,2023-12-20 20:03:49,IP Address,82.145.210.146,100,905,True,2023-12-20 20:03:49,R_6flTKLQ0Yowt9Rh,,,,,47.0014,7.9994,anonymous,EN,I agree,6,6,7,1,4,Yes,4,6,Yes,"Qualifie professional event managers (EM) that constantly study then diversify events. EM's that know what's trending, that already predict what's going to attract students' attention. Hint : the Independence day, soccer events and FGSES' got talent attracted a interactive audience. Overall, tendancies must be detected, by surveying or observing.",,,,,,,,,17 to 20 years old,Male,Less than a year,Am a local student,FGSES,Undergraduate Year
2023-12-20 20:01:06,2023-12-20 20:04:32,IP Address,105.71.17.85,100,206,True,2023-12-20 20:04:33,R_8TLGbCZMxwSOv0Y,,,,,28.5,-10,anonymous,EN,I agree,7,6,5,5,5,Yes,3,5,Yes,,,,,,,,,,17 to 20 years old,Female,Tow years or more,Am a local student,FGSES,Behavioural science for public policy
2023-12-20 19:59:32,2023-12-20 20:05:34,IP Address,197.230.97.174,100,362,True,2023-12-20 20:05:34,R_29cvXjNSVwVXhhD,,,,,34.0663,-6.817,anonymous,EN,I agree,4,5,5,2,3,No,4,5,Yes,"Des clubs qui n'ont rien avoir avec les etudes ",,,,,,,,,17 to 20 years old,Female,Less than a year,Am a local student,Fgses,Commun year
2023-12-20 20:01:40,2023-12-20 20:07:09,IP Address,197.230.97.174,100,328,True,2023-12-20 20:07:10,R_7d76M9HhFYTp0GU,,,,,34.0663,-6.817,anonymous,EN,I agree,4,4,2,2,5,Yes,2,5,Yes,I hope that these activities are happening where we don’t have exams,,,,,,,,,17 to 20 years old,Female,a year,Am a local student,Fgses,Applied economics
2023-12-20 19:58:01,2023-12-20 20:10:15,IP Address,197.230.97.174,100,733,True,2023-12-20 20:10:15,R_6H5beqUMFpyTG2A,,,,,34.0663,-6.817,anonymous,EN,I agree,2,,,,,,,,,,Time constraints,,No,7,7,Yes,No,,21 to 24 years old,Female,Tow years or more,Am a local student,Fgses,"Political science "
2023-12-20 19:49:25,2023-12-20 20:16:16,IP Address,197.230.97.174,100,1611,True,2023-12-20 20:16:16,R_3Epi4d63aOh2n1j,,,,,34.0663,-6.817,anonymous,EN,I agree,1,,,,,,,,,,Time constraints,,Yes,4,4,Yes,Yes,"I would suggest a few things. First, I would suggest more flexible and individualized support services.In addition, I would suggest more awareness and education about the available support services, so that students are aware of the options available to them. Finally, I would suggest more open and honest communication between students and support staff, so that students feel comfortable accessing the support they need.",25 years old and above,Female,Less than a year,Am an international student,ABS,MIM
2023-12-20 19:53:15,2023-12-20 20:33:24,IP Address,197.230.97.174,100,2409,True,2023-12-20 20:33:25,R_60nNQk0PIEzBNxT,,,,,34.0663,-6.817,anonymous,EN,I agree,1,,,,,,,,,,Time constraints,,Yes,2,1,Yes,Yes,"I really don't know. ",21 to 24 years old,Female,Less than a year,Am an international student,"FGSES ","Economic Analysis and Public Policies "
2023-12-18 19:51:42,2023-12-21 15:54:22,IP Address,197.230.97.174,100,244960,True,2023-12-21 15:54:23,R_8cCNqCkBoukr7eV,,,,,34.0663,-6.817,anonymous,EN,I agree,6,5,6,6,6,Yes,5,7,Yes,,,,,,,,,,21 to 24 years old,Male,Tow years or more,Am a local student,SCi,Ci
2023-12-21 20:26:47,2023-12-21 20:30:01,IP Address,41.92.17.245,100,194,True,2023-12-21 20:30:02,R_8EZ0N13JK7wMqPj,,,,,33.5792,-7.6133,anonymous,EN,I agree,6,7,6,6,5,Yes,6,6,Yes,,,,,,,,,,17 to 20 years old,Male,a year,Am a local student,Fgses,Political science
2023-12-21 20:32:42,2023-12-21 20:36:55,IP Address,105.131.236.163,100,252,True,2023-12-21 20:36:56,R_3C3Eco38U6p5LSm,,,,,34.0663,-6.817,anonymous,EN,I agree,5,4,4,3,5,No,1,5,Yes,,,,,,,,,,25 years old and above,Female,Less than a year,Am a local student,FGSES,POLI SCIENCE AND GLOBAL AFFAIRS
2023-12-21 20:32:38,2023-12-21 20:38:06,IP Address,105.66.135.13,100,327,True,2023-12-21 20:38:07,R_3rVK55raTiVnqSl,,,,,33.5792,-7.6133,anonymous,EN,I agree,6,5,5,1,3,Yes,4,5,Yes,,,,,,,,,,25 years old and above,Female,Tow years or more,Am a local student,AIRESS,Political Sciences
2023-12-21 20:32:05,2023-12-21 20:38:50,IP Address,197.230.97.174,100,404,True,2023-12-21 20:38:50,R_34q6ryYXkL4qIGT,,,,,34.0663,-6.817,anonymous,EN,I agree,5,6,5,3,3,No,4,5,Yes,,,,,,,,,,21 to 24 years old,Male,Less than a year,Am a local student,Ai movement,AI
2023-12-21 20:38:29,2023-12-21 20:40:18,IP Address,197.230.97.174,100,109,True,2023-12-21 20:40:19,R_6gUzGcBcpsebEZq,,,,,34.0663,-6.817,anonymous,EN,I agree,6,7,6,6,6,No,5,6,Yes,,,,,,,,,,17 to 20 years old,Male,Less than a year,Am a local student,ABS,MIM
2023-12-21 20:39:54,2023-12-21 20:43:39,IP Address,105.67.132.164,100,225,True,2023-12-21 20:43:40,R_1jYyreEUkJEmIj7,,,,,31.6298,-8.0101,anonymous,EN,I agree,6,6,6,4,6,Yes,5,6,Yes,,,,,,,,,,21 to 24 years old,Female,Tow years or more,Am a local student,FGSES,IR
2023-12-21 20:40:48,2023-12-21 20:43:50,IP Address,197.230.97.174,100,181,True,2023-12-21 20:43:50,R_2jxJzDezvSotBA9,,,,,34.0663,-6.817,anonymous,EN,I agree,4,5,5,3,3,Yes,4,4,Yes,,,,,,,,,,21 to 24 years old,Female,Tow years or more,Am a local student,FGSES,"International Relations "
2023-12-21 20:47:11,2023-12-21 20:49:19,IP Address,197.230.97.174,100,127,True,2023-12-21 20:49:19,R_1g62ahUSnVROD2T,,,,,34.0663,-6.817,anonymous,EN,I agree,5,6,3,4,5,No,2,3,No,,,,,,,,,,21 to 24 years old,Female,Less than a year,Am an international student,Fgses,"Ci "
2023-12-21 20:36:32,2023-12-21 21:07:06,IP Address,196.95.40.51,100,1833,True,2023-12-21 21:07:07,R_6jUlKQ2OCXmAOxu,,,,,33.5792,-7.6133,anonymous,EN,I agree,2,,,,,,,,,,Personal preference,,Yes,5,5,Yes,Yes,"Clear communication of information ",17 to 20 years old,Female,Tow years or more,Am a local student,Fgses,"Behavioral sciences "
2023-12-21 20:48:32,2023-12-21 21:50:10,IP Address,197.230.97.174,100,3698,True,2023-12-21 21:50:10,R_3fvLChm770RvpbG,,,,,34.0663,-6.817,anonymous,EN,I agree,6,7,5,5,3,No,4,5,Yes,,,,,,,,,,21 to 24 years old,Female,Less than a year,Am an international student,"FGSES ","Political science "
2023-12-22 00:01:23,2023-12-22 00:04:35,IP Address,197.230.97.174,100,191,True,2023-12-22 00:04:35,R_6H5lJU0C0T9CYHf,,,,,34.0663,-6.817,anonymous,EN,I agree,2,,,,,,,,,,Time constraints,,Yes,3,3,No,Yes,,17 to 20 years old,Female,Less than a year,Am a local student,Fgses,Common core
2023-12-22 12:55:39,2023-12-22 12:59:45,IP Address,197.230.97.174,100,245,True,2023-12-22 12:59:45,R_510ykWjrwOXwJVZ,,,,,34.0663,-6.817,anonymous,EN,I agree,2,,,,,,,,,,Time constraints,,Yes,1,2,No,Yes,"better counseling ",17 to 20 years old,Female,Tow years or more,Am a local student,FGSES,Applied Econ
2023-12-22 13:02:16,2023-12-22 13:05:11,IP Address,197.230.97.174,100,175,True,2023-12-22 13:05:11,R_2EnTuavuTjl3l6C,,,,,34.0663,-6.817,anonymous,EN,I agree,4,6,6,6,4,No,4,6,Yes,,,,,,,,,,25 years old and above,Male,Less than a year,Am an international student,ABS,Agribusiness and Innovation
2023-12-22 13:37:03,2023-12-22 13:40:52,IP Address,197.230.97.174,100,228,True,2023-12-22 13:40:52,R_1puUUlFsjSZsX2F,,,,,34.0663,-6.817,anonymous,EN,I agree,6,6,4,2,2,Yes,5,6,Yes,"Maybe more events? Like the UM6P campus. It is very unbalanced, having at least more events would help alleviate stress ",,,,,,,,,17 to 20 years old,Female,Tow years or more,Am a local student,FGSES,IR - political economy
2023-12-22 13:37:21,2023-12-22 13:41:13,IP Address,197.230.97.174,100,232,True,2023-12-22 13:41:14,R_3oIRNB2Ic5FElLr,,,,,34.0663,-6.817,anonymous,EN,I agree,6,6,2,1,2,Yes,3,6,Yes,,,,,,,,,,17 to 20 years old,Female,Less than a year,Am a local student,Fgses,Common core
2023-12-22 13:37:02,2023-12-22 13:41:30,IP Address,197.230.97.174,100,267,True,2023-12-22 13:41:30,R_3RmWxvQLLV5vFNg,,,,,34.0663,-6.817,anonymous,EN,I agree,6,6,5,5,3,No,6,5,Yes,,,,,,,,,,17 to 20 years old,Male,Tow years or more,Am a local student,FGSES,Behavioral and Social Sciences for Public Publicy
2023-12-22 13:42:04,2023-12-22 13:48:21,IP Address,197.230.97.174,100,377,True,2023-12-22 13:48:22,R_2AKK8d40ZM5zKMO,,,,,34.0663,-6.817,anonymous,EN,I agree,6,4,3,2,6,Yes,4,6,Yes,,,,,,,,,,21 to 24 years old,Female,Tow years or more,Am a local student,FGSES,Global affairs
2023-12-22 13:46:19,2023-12-22 13:49:07,IP Address,197.230.97.174,100,167,True,2023-12-22 13:49:07,R_7ppbZnV3gmn4ftL,,,,,34.0663,-6.817,anonymous,EN,I agree,5,5,5,5,5,Yes,5,5,Yes,,,,,,,,,,21 to 24 years old,Female,Tow years or more,Am a local student,FGSES,"Political science "
2023-12-22 13:42:11,2023-12-22 13:49:31,IP Address,197.230.97.174,100,440,True,2023-12-22 13:49:32,R_2D1JcJ5fO88eF8A,,,,,34.0663,-6.817,anonymous,EN,I agree,4,5,4,3,4,Yes,4,5,Yes,,,,,,,,,,17 to 20 years old,Female,Tow years or more,Am a local student,"Fgses ",Political science
2023-12-22 13:42:16,2023-12-22 13:50:20,IP Address,105.153.140.114,100,483,True,2023-12-22 13:50:21,R_4eVson7TKXfjeKJ,,,,,34.0072,-6.8407,anonymous,EN,I agree,3,,,,,,,,,,Time constraints,,Yes,5,4,Yes,Yes,"To balance the schedule between academic requirements that are the prevalent part in our schedule. Display more details about non-academic support services to get students’ attention ",21 to 24 years old,Female,Tow years or more,Am a local student,Fgses,Master Global affairs
2023-12-22 13:47:02,2023-12-22 13:50:57,IP Address,197.230.97.174,100,235,True,2023-12-22 13:50:58,R_7YKtL4j8YGcjRWF,,,,,34.0663,-6.817,anonymous,EN,I agree,6,5,4,3,6,Yes,4,5,Yes,,,,,,,,,,21 to 24 years old,Female,Tow years or more,Am a local student,Fgses,Global affairs student
2023-12-22 13:15:57,2023-12-22 14:11:58,IP Address,197.230.97.174,100,3361,True,2023-12-22 14:11:59,R_2CV2zZ94l3rIH2F,,,,,34.0663,-6.817,anonymous,EN,I agree,4,3,3,4,6,No,4,5,Yes,,,,,,,,,,17 to 20 years old,Female,Less than a year,Am a local student,Fgses,"First year Commun core "
2023-12-22 14:09:14,2023-12-22 14:13:20,IP Address,196.200.180.25,100,246,True,2023-12-22 14:13:21,R_2k7HkuYG8COZpgk,,,,,32.2403,-7.9543,anonymous,EN,I agree,4,3,3,3,1,No,4,3,Yes,"Improve communications for those activities...most of the time, events announced just one day or few hours before!",,,,,,,,,25 years old and above,Female,Tow years or more,Am an international student,SAP+D,Urban Planning
2023-12-22 14:44:55,2023-12-22 14:48:44,IP Address,197.230.97.174,100,229,True,2023-12-22 14:48:45,R_22OPw84tndbs2ZD,,,,,34.0663,-6.817,anonymous,EN,I agree,2,,,,,,,,,,Time constraints,,Yes,4,5,No,Yes,,21 to 24 years old,Female,Tow years or more,Am a local student,FGSES,"Political science "
2023-12-22 20:05:17,2023-12-22 20:08:20,IP Address,197.230.97.174,100,183,True,2023-12-22 20:08:21,R_6EgUaz3vpJgyzQg,,,,,34.0663,-6.817,anonymous,EN,I agree,4,6,5,2,4,Yes,3,5,Yes,,,,,,,,,,21 to 24 years old,Female,Less than a year,Am a local student,FGSES,Economics
2023-12-22 20:14:28,2023-12-22 20:19:20,IP Address,102.51.10.189,100,291,True,2023-12-22 20:19:20,R_5C78OUxb2zBPbpB,,,,,31.6298,-8.0101,anonymous,EN,I agree,1,,,,,,,,,,Time constraints,,Yes,3,1,Yes,Yes,,17 to 20 years old,Male,a year,Am a local student,SAP+D,"Architecture "
2023-12-22 22:38:52,2023-12-22 22:41:40,IP Address,196.119.184.247,100,167,True,2023-12-22 22:41:40,R_8wmMnIu5VKwHPtJ,,,,,35.7758,-5.7909,anonymous,EN,I agree,3,,,,,,,,,,Limited perceived need for non-academic support,,No,3,3,Yes,Yes,,17 to 20 years old,Prefer not to say,a year,Am a local student,FGSES,Political Sciences
2023-12-18 19:45:46,2023-12-18 19:45:59,IP Address,41.92.0.28,4,12,False,2023-12-25 19:46:00,R_4TPxoJzTMhiZWNz,,,,,,,anonymous,EN,,,,,,,,,,,,,,,,,,,,,,,,,
2023-12-18 19:53:56,2023-12-18 19:54:10,IP Address,197.230.97.174,8,14,False,2023-12-25 19:54:16,R_8WSoqPk902p317j,,,,,,,anonymous,EN,I agree,,,,,,,,,,,,,,,,,,,,,,,,
2023-12-18 19:55:49,2023-12-18 19:59:02,IP Address,197.230.122.196,72,193,False,2023-12-25 19:59:05,R_217bwQNCHhYokwg,,,,,,,anonymous,EN,I agree,2,,,,,,,,,,Time constraints,,No,2,2,No,Yes,,,,,,,
2023-12-18 20:00:12,2023-12-18 20:01:07,IP Address,196.120.14.226,64,54,False,2023-12-25 20:01:14,R_2UixuZD7uIUyYMm,,,,,,,anonymous,EN,I agree,3,,,,,,,,,,Limited perceived need for non-academic support,,No,3,3,,,,,,,,,
2023-12-18 20:07:37,2023-12-18 20:08:01,IP Address,197.230.97.174,12,23,False,2023-12-25 20:08:11,R_5LZHToS7BDrFhFk,,,,,,,anonymous,EN,I agree,6,,,,,,,,,,,,,,,,,,,,,,,
2023-12-18 20:04:39,2023-12-18 20:09:25,IP Address,197.230.97.174,12,285,False,2023-12-25 20:09:32,R_7MLGwJCQ2VGZws5,,,,,,,anonymous,EN,I agree,5,,,,,,,,,,,,,,,,,,,,,,,
2023-12-18 20:25:10,2023-12-18 20:26:06,IP Address,197.230.122.199,48,56,False,2023-12-25 20:26:10,R_7JLZ8uBC3RGfB3p,,,,,,,anonymous,EN,I agree,2,,,,,,,,,,,,,,,,,,,,,,,
2023-12-18 20:25:22,2023-12-18 20:31:29,IP Address,197.230.97.174,20,367,False,2023-12-25 20:31:33,R_1MumYfdYYM2NrLr,,,,,,,anonymous,EN,I agree,4,4,1,,,,,,,,,,,,,,,,,,,,,
2023-12-18 20:12:52,2023-12-18 20:34:04,IP Address,102.78.81.193,4,1271,False,2023-12-25 20:34:10,R_8ooLXyTJbs05B9D,,,,,,,anonymous,EN,,,,,,,,,,,,,,,,,,,,,,,,,
2023-12-18 20:40:02,2023-12-18 20:40:07,Spam,197.230.97.174,8,4,False,2023-12-25 20:40:12,R_1EY1HYb0vfWm7n3,,,,,,,anonymous,EN,I agree,,,,,,,,,,,,,,,,,,,,,,,,
2023-12-18 20:55:29,2023-12-18 20:56:50,IP Address,197.230.97.174,36,81,False,2023-12-25 20:56:57,R_2SAcQWMbDufFi9h,,,,,,,anonymous,EN,I agree,6,7,7,6,3,Yes,3,,,,,,,,,,,,,,,,,
2023-12-18 21:07:21,2023-12-18 21:07:38,IP Address,105.71.145.23,8,16,False,2023-12-25 21:07:45,R_83eMhcsQnKDKKY4,,,,,,,anonymous,EN,I agree,,,,,,,,,,,,,,,,,,,,,,,,
2023-12-18 21:31:58,2023-12-18 21:33:48,IP Address,197.230.97.174,44,110,False,2023-12-25 21:33:49,R_5fqA3SwY93HWPZY,,,,,,,anonymous,EN,I agree,4,5,6,3,4,Yes,4,4,Yes,,,,,,,,,,,,,,,
2023-12-19 12:40:27,2023-12-19 12:40:52,IP Address,197.230.97.174,48,24,False,2023-12-26 12:40:55,R_3Otlx0rM8J57zah,,,,,,,anonymous,EN,I agree,2,,,,,,,,,,,,,,,,,,,,,,,
2023-12-26 13:19:23,2023-12-26 13:23:17,IP Address,197.230.122.195,100,234,True,2023-12-26 13:23:18,R_8nLOQj5nLFZ9xyp,,,,,32.2403,-7.9543,anonymous,EN,I agree,5,6,5,6,3,Yes,6,7,Yes,"More specific details about academic and non-academic support services. ",,,,,,,,,25 years old and above,Male,Tow years or more,Am an international student,GTI,"Electrical engineering "
2023-12-26 15:32:27,2023-12-26 15:33:48,IP Address,197.230.97.174,100,80,True,2023-12-26 15:33:48,R_2lSpLK91VgjlGdd,,,,,34.0663,-6.817,anonymous,EN,I agree,2,,,,,,,,,,Time constraints,,Yes,4,5,Yes,Yes,,17 to 20 years old,Female,Tow years or more,Am a local student,FGSES,"International Relations "
2023-12-26 18:31:36,2023-12-26 18:34:38,IP Address,145.107.71.22,100,182,True,2023-12-26 18:34:39,R_33Gk7vhCpo4o3zX,,,,,52.0854,5.1653,anonymous,EN,I agree,7,6,4,5,6,Yes,6,5,Yes,UM6P newspaper by students!,,,,,,,,,17 to 20 years old,Female,Tow years or more,Am a local student,fgses,ir
2023-12-19 19:07:49,2023-12-19 19:09:09,IP Address,197.230.97.174,48,80,False,2023-12-26 19:09:14,R_2MQc9TpLEV3lSKC,,,,,,,anonymous,EN,I agree,1,,,,,,,,,,,,,,,,,,,,,,,
2023-12-19 21:01:29,2023-12-19 21:02:16,IP Address,197.230.97.174,8,47,False,2023-12-26 21:02:17,R_2hvdPAQCSagHuxz,,,,,,,anonymous,EN,I agree,,,,,,,,,,,,,,,,,,,,,,,,
2023-12-19 21:02:05,2023-12-19 21:02:16,IP Address,197.230.97.174,4,10,False,2023-12-26 21:02:17,R_62PlePd0QVR1aaR,,,,,,,anonymous,EN,,,,,,,,,,,,,,,,,,,,,,,,,
2023-12-20 00:32:17,2023-12-20 00:32:32,IP Address,197.230.97.174,8,15,False,2023-12-27 00:32:36,R_1lRBIqhOT5C5PxO,,,,,,,anonymous,EN,I agree,,,,,,,,,,,,,,,,,,,,,,,,
2023-12-27 12:45:33,2023-12-27 12:53:37,IP Address,41.141.208.210,100,484,True,2023-12-27 12:53:37,R_2m3CYehNFcauauB,,,,,31.6298,-8.0101,anonymous,EN,I agree,5,7,6,5,6,Yes,7,7,Yes,"Establishing counseling services specifically tailored to academic stress and mental health issues, offering counseling, stress management techniques, and coping strategies.",,,,,,,,,17 to 20 years old,Female,Less than a year,Am a local student,Fgses,Commun core
2023-12-27 17:32:51,2023-12-27 17:40:26,IP Address,197.230.97.174,100,455,True,2023-12-27 17:40:27,R_3o6xswnscgw2oZB,,,,,34.0663,-6.817,anonymous,EN,I agree,4,5,3,4,3,No,3,2,Yes,"We need communication formation, connexion between various students...",,,,,,,,,21 to 24 years old,Male,Less than a year,Am a local student,"Ai movement ",AI
2023-12-27 17:29:10,2023-12-27 17:41:28,IP Address,196.118.131.174,100,737,True,2023-12-27 17:41:28,R_7qduKv8oe5CRnct,,,,,33.5792,-7.6133,anonymous,EN,I agree,5,6,6,2,3,No,3,5,Yes,"I think that the school lacks a tutoring service where maybe older students could give classes in specific subjects that they passed but we struggle studying. ",,,,,,,,,17 to 20 years old,Female,a year,Am a local student,SAP+D,"Architecture "
2023-12-20 19:41:48,2023-12-20 19:41:59,IP Address,197.230.97.174,4,11,False,2023-12-27 19:42:01,R_6i5wl7VTzSqvrup,,,,,,,anonymous,EN,,,,,,,,,,,,,,,,,,,,,,,,,
2023-12-20 19:41:43,2023-12-20 19:42:02,IP Address,197.230.97.174,8,18,False,2023-12-27 19:42:04,R_5yZpbRxTfVvNDup,,,,,,,anonymous,EN,I agree,,,,,,,,,,,,,,,,,,,,,,,,
2023-12-20 19:41:41,2023-12-20 19:43:59,IP Address,41.92.54.52,12,138,False,2023-12-27 19:44:00,R_8m1vbRuivsRZKIP,,,,,,,anonymous,EN,I agree,6,,,,,,,,,,,,,,,,,,,,,,,
2023-12-20 19:44:45,2023-12-20 19:46:20,IP Address,197.230.97.174,20,94,False,2023-12-27 19:46:27,R_12ijpoOrOy0mhBY,,,,,,,anonymous,EN,I agree,7,7,6,,,,,,,,,,,,,,,,,,,,,
2023-12-20 19:53:45,2023-12-20 19:55:43,IP Address,197.230.97.174,36,117,False,2023-12-27 19:55:43,R_863YyNP5m22yHVT,,,,,,,anonymous,EN,I agree,4,6,3,3,5,No,4,,,,,,,,,,,,,,,,,
2023-12-20 20:40:37,2023-12-20 20:40:44,IP Address,102.52.158.63,8,7,False,2023-12-27 20:40:45,R_21gl9u7QGG1nz52,,,,,,,anonymous,EN,I agree,,,,,,,,,,,,,,,,,,,,,,,,
2023-12-20 22:30:41,2023-12-20 22:30:56,IP Address,197.230.97.174,8,14,False,2023-12-27 22:30:57,R_2Es4N2LeMVDPCOh,,,,,,,anonymous,EN,I agree,,,,,,,,,,,,,,,,,,,,,,,,
2023-12-21 11:04:45,2023-12-21 11:04:59,IP Address,196.86.114.176,8,14,False,2023-12-28 11:05:03,R_4BxtukPcoFiUC2J,,,,,,,anonymous,EN,I agree,,,,,,,,,,,,,,,,,,,,,,,,
2023-12-28 11:46:33,2023-12-28 11:48:38,IP Address,197.230.97.174,100,124,True,2023-12-28 11:48:38,R_3KHD8L1cCM29tnz,,,,,34.0663,-6.817,anonymous,EN,I agree,5,6,5,2,5,No,4,5,Yes,,,,,,,,,,21 to 24 years old,Female,Less than a year,Am a local student,Abs,Mim
